,count,mean,std,min,1%,5%,25%,50%,75%,95%,99%,max,skewness,kurtosis
latitude,298450.0,12.980801878709853,0.04973151025668737,12.8026667,12.843635311,12.911645185000001,12.963330725,12.9772841,12.997467375,13.070319735,13.185758961,13.293684372967755,1.359407392933726,5.647667793943683
longitude,298450.0,77.60051221133006,0.05051829522287581,77.442553,77.5115267,77.53863639,77.571198125,77.58411445,77.62152895,77.696351205,77.7199962,77.771735,0.8052714124003334,-0.02075961949159799
description,0.0,,,,,,,,,,,,,
closed_datetime,0.0,,,,,,,,,,,,,
center_code,287190.0,23.02301263971587,20.006118458434116,2.0,2.0,3.0,11.0,17.0,29.0,82.0,87.0,88.0,1.806550140178387,3.273655525969995
action_taken_timestamp,0.0,,,,,,,,,,,,,
