,count,mean,std,min,25%,50%,75%,max
hour,298445.0,9.20318986747977,8.287866033515883,0.0,3.0,5.0,20.0,23.0
day_of_week,298445.0,3.078503576873461,2.005622750243474,0.0,1.0,3.0,5.0,6.0
month,298445.0,5.525517264487594,4.631113901754293,1.0,2.0,3.0,11.0,12.0
is_weekend,298450.0,0.3025297369743676,0.4593541141945015,0.0,0.0,0.0,1.0,1.0
is_night,298450.0,0.7305813369073547,0.44365854729338,0.0,0.0,1.0,1.0,1.0
time_to_validate_sec,173030.0,348405.8228572156,778169.1333206435,-52795.045,69439.95625,111749.7125,254626.9125,13191352.834
