,count,mean,std,min,25%,50%,75%,max
latitude,298450.0,12.980801878709853,0.04973151025668737,12.8026667,12.963330725,12.9772841,12.997467375,13.293684372967755
longitude,298450.0,77.60051221133006,0.05051829522287581,77.442553,77.571198125,77.58411445,77.62152895,77.771735
dist_from_center_km,298450.0,6.155493215452856,4.8882160971847535,0.009895788255528677,2.1056959117574747,5.074227966017901,8.718319789094426,36.37677733957784
