,violation_type,vehicle_type,police_station,validation_status,day_name,day_part,month_name
violation_type,0.0,0.1581446721426177,0.13514233025166184,0.09527217256814065,0.07998921890345075,0.08822385622665205,0.08767598516189057
vehicle_type,0.1581446721426177,0.0,0.13327859523538793,0.05411649738179684,0.031187189153354482,0.07572143433814399,0.023203311113538124
police_station,0.13514233025166184,0.13327859523538793,0.0,0.06576148497984677,0.08583770762381769,0.22379349926348935,0.11389212889282521
validation_status,0.09527217256814063,0.05411649738179683,0.06576148497984675,0.0,0.07924857303285361,0.0597396608493172,0.19609962217339097
day_name,0.07998921890345076,0.031187189153354482,0.08583770762381769,0.07924857303285361,0.0,0.04216416376197288,0.058851474618604245
day_part,0.08822385622665205,0.07572143433814399,0.22379349926348938,0.0597396608493172,0.04216416376197288,0.0,0.03639077642170813
month_name,0.08767598516189057,0.023203311113538124,0.1138921288928252,0.196099622173391,0.058851474618604245,0.03639077642170813,0.0
